{"id": "1cb5258b-39ac-11e8-bf76-68f728f43331", "val5": 0.05477238742223656, "val3": 0.5514416477136513, "val1": 0.712229821405781}
