{"id": "1cb52585-39ac-11e8-bf76-68f728f43331", "val1": 0.9069053478053459, "val3": 0.21397441259545902, "val2": 0.39160170226397817}