{"id": "1cb5258d-39ac-11e8-bf76-68f728f43331", "val5": 0.2246441738220466, "val4": 0.677758192353784, "val3": 0.7003387702885292, "val2": 0.09312023555563376}