{"id": "1cb52586-39ac-11e8-bf76-68f728f43331", "val2": 0.33274126615785593, "val3": 0.42150685767945384, "val5": 0.5138355600548887}