{"id": "1cb52584-39ac-11e8-bf76-68f728f43331", "val5": 0.0842028241516547, "val1": 0.7953620931063196, "val3": 0.9332235446474801, "val4": 0.5439688276669912, "val2": 0.10870672277006777}