{"id": "1cb52588-39ac-11e8-bf76-68f728f43331", "val2": 0.4220355016874847, "val5": 0.6473040010283253, "val3": 0.5332150637447599}