{"id": "1cb52587-39ac-11e8-bf76-68f728f43331", "val1": 0.6423430321107766, "val5": 0.45605441456632034, "val3": 0.2939958790693713, "val4": 0.7852955962196162}