{"id": "1cb5258c-39ac-11e8-bf76-68f728f43331", "val4": 0.3157957391514574, "val3": 0.9676630478473993, "val2": 0.8065188343412012, "val5": 0.8705986355138761}