{"id": "1cb52589-39ac-11e8-bf76-68f728f43331", "val5": 0.6384292957881729, "val1": 0.4466998562903388, "val2": 0.387524429586953}