{"id": "ec5301ad-39ab-11e8-bf76-68f728f43331", "val5": 0.614642824529588, "val2": 0.45264214299834615, "val3": 0.3809459933894751, "val1": 0.9979620749322257}