{"id": "1cb5258a-39ac-11e8-bf76-68f728f43331", "val3": 0.28114453783995874, "val1": 0.36363656371619524, "val5": 0.8432432977770509}